a	PREFIX:1
a valon	LOC:1
aa	PREFIX:1
aa di	PREFIX:1
aa di sarnen	LOC:1
aach	LOC:1
aakenustunturi	LOC:1
aar	LOC:1
aavasaksa	LOC:1
abakan	LOC:1
abate	PREFIX:1
abate alonia	LOC:1
abatemarco	LOC:1
abaya	LOC:1
abbe	LOC:1
aberdeen	LOC:1
abii	PREFIX:1
abii baÙas	LOC:1
abitibi	LOC:1
abong	PREFIX:1
abong abong	LOC:1
abuya	PREFIX:1
abuya myeda	LOC:1
acarau	LOC:1
acheronte	LOC:1
aconcagua	LOC:1
acqua	PREFIX:1
acqua cheta	LOC:1
acqualina	LOC:1
adamello	LOC:1
adda	LOC:1
aden	LOC:1
adige	LOC:1
adjakit	LOC:1
adriatico	LOC:1
adzva	LOC:1
aegaleus	LOC:1
afra	LOC:1
afrera	LOC:1
agepsta	LOC:1
aggia	LOC:1
agno	LOC:1
agogna	LOC:1
agoraie	LOC:1
agri	LOC:1
agua	PREFIX:1
agua vermelha	LOC:1
agulhas	PREFIX:1
agulhas negras	LOC:1
aiguille	PREFIX:3
aiguille de	PREFIX:1
aiguille de chambeyron	LOC:1
aiguille du	PREFIX:1
aiguille du midi	LOC:1
aiguille verte	LOC:1
aiguilles	PREFIX:2
aiguilles de	PREFIX:1
aiguilles de chamonix	LOC:1
aiguilles du	PREFIX:1
aiguilles du dru	LOC:1
ain	LOC:1
ainos	LOC:1
aisne	LOC:1
aksayqin	LOC:1
aksehir	LOC:1
aksu	LOC:1
akzajkyn	LOC:1
al	PREFIX:1
al maskiid	LOC:1
alabro	LOC:1
aladag	LOC:1
alaita	LOC:1
alakol	LOC:1
alaotra	LOC:1
albanel	LOC:1
albegna	LOC:1
alben	LOC:1
albergian	LOC:1
albert	PREFIX:1
albert markham	LOC:1
alborán	LOC:1
alburno	LOC:1
albès	LOC:1
aldan	LOC:1
aldino	LOC:1
aleksejevka	LOC:1
alento	LOC:1
aletschhom	LOC:1
alferello	LOC:1
alijiiq	LOC:1
aljibe	LOC:1
allah	PREFIX:1
allah -	PREFIX:1
allah - jun	LOC:1
alli	LOC:1
allinz	LOC:1
almanor	LOC:1
almendra	LOC:1
almone	LOC:1
alnej	LOC:1
alpe	TSL:1
alpi	PREFIX:1
alpi marittime	LOC:1
alseatino	LOC:1
alserio	LOC:1
alta	PREFIX:3
alta badia	LOC:1
alta saòne	LOC:1
alta valsuagana	LOC:1
altafossa	LOC:1
altesina	LOC:1
alti	PREFIX:1
alti tatra	LOC:1
altipiano	TSL:1
altmark	LOC:1
alto	PREFIX:1
alto di	PREFIX:1
alto di flumendosa	LOC:1
altopiano	TSL:1
amadjuak	LOC:1
amariana	LOC:1
amaseno	LOC:1
amato	LOC:1
ambiéz	LOC:1
amendolea	LOC:1
ameva	LOC:1
amiata	LOC:1
amola	LOC:1
ampola	LOC:1
ampollino	LOC:1
amundsen	LOC:1
anabar	LOC:1
anadyr	LOC:1
anapo	LOC:1
ancinale	LOC:1
ancipa	LOC:1
andamane	LOC:1
andrepatsy	LOC:1
aneohuma	LOC:1
anetra	LOC:1
angitola	LOC:1
angrogna	LOC:1
aniene	LOC:1
ankofa	LOC:1
ankogel	LOC:1
annapurna	LOC:1
annean	LOC:1
annone	LOC:1
ansiei	LOC:1
antartica	LOC:1
antela	LOC:1
antelao	LOC:1
antermont	LOC:1
anterselva	LOC:1
anthony	PREFIX:1
anthony lago	LOC:1
antigorio	LOC:1
antille	LOC:1
antola	LOC:1
antrona	LOC:1
anza	LOC:1
anzasca	LOC:1
apere	LOC:1
apo	LOC:1
apseron	LOC:1
ar	PREFIX:1
ar rayyiin	LOC:1
aracci	LOC:1
arafura	LOC:1
aral	LOC:1
aran	LOC:1
araras	LOC:1
ararat	LOC:1
arber	LOC:1
arbia	LOC:1
archiano	LOC:1
arcidiaconata	LOC:1
arcipelago	TSL:1
arda	LOC:1
ardenne	LOC:1
arente	LOC:1
arera	LOC:1
arga	PREFIX:1
arga -	PREFIX:1
arga - emneke	LOC:1
argentario	LOC:1
argentella	LOC:1
argentera	LOC:1
argeo	LOC:1
argyle	LOC:1
ariento	LOC:1
arno	LOC:1
arnò	LOC:1
aroser	PREFIX:1
aroser rothom	LOC:1
arpi	LOC:1
arrano	LOC:1
arrone	LOC:1
arroscia	LOC:1
arry	LOC:1
artanavaz	LOC:1
artico	LOC:1
arvivo	LOC:1
arvo	LOC:1
arys	LOC:1
arzino	LOC:1
aserei	LOC:1
ashburton	LOC:1
ashkal	LOC:1
ashuanipi	LOC:1
asinaro	LOC:1
askja	LOC:1
aso	LOC:1
aspropotamo	LOC:1
assekrème	LOC:1
assergi	LOC:1
assiniboine	LOC:1
assino	LOC:1
assuan	LOC:1
astico	LOC:1
atalaya	LOC:1
atalayasa	LOC:1
atamanon	LOC:1
atas	PREFIX:1
atas bogdo	LOC:1
atbarah	LOC:1
atella	LOC:1
aterno	LOC:1
athabasca	LOC:1
athéras	LOC:1
atikonak	LOC:1
atlantico	LOC:1
atlin	LOC:1
atolli	TSL:1
atollo	TSL:1
atouat	LOC:1
attairo	LOC:1
attawapiskat	LOC:1
atter	LOC:1
attikamagen	LOC:1
auatu	LOC:1
aubry	LOC:1
aubum	LOC:1
auckland	LOC:1
augustus	LOC:1
auld	LOC:1
aulella	LOC:1
aupa	LOC:1
aurino	LOC:1
ausangate	LOC:1
ausente	LOC:1
aussa	LOC:1
avello	LOC:1
aventino	LOC:1
averno	LOC:1
aveto	LOC:1
avigliana	LOC:1
avigna	LOC:1
avisio	LOC:1
awai	LOC:1
awash	LOC:1
ayakkum	LOC:1
ayas	LOC:1
ayasse	LOC:1
ayaturku	LOC:1
aydingkol	LOC:1
ayelu	LOC:1
aylmer	LOC:1
azov	LOC:1
azuero	LOC:1
babine	LOC:1
bacan	LOC:1
bacchiglione	LOC:1
bacino	TSL:1
badda	LOC:1
badia	LOC:1
bafa	LOC:1
baffelan	LOC:1
baganza	LOC:1
bagnone	LOC:1
bahta	LOC:1
baia	TSL:1
bainsizza	LOC:1
bajkai	LOC:1
bakayan	LOC:1
baker	LOC:1
bakhtegan	LOC:1
balbano	LOC:1
baldo	LOC:1
balik	LOC:1
balikpapan	LOC:1
balota	LOC:1
balsas	LOC:1
baltico	LOC:1
bananal	LOC:1
bandahara	LOC:1
bandon	LOC:1
bangong	LOC:1
bangweulu	LOC:1
banjska	PREFIX:1
banjska planot	LOC:1
baratz	LOC:1
barbellino	LOC:2
bardine	LOC:1
bardonecchia	LOC:1
barents	LOC:1
bargone	LOC:1
baria	LOC:1
baricelle	LOC:1
barigazzo	LOC:1
baringo	LOC:1
bariri	LOC:1
barningui	LOC:1
barre	PREFIX:1
barre des	PREFIX:1
barre des écrins	LOC:1
barrea	LOC:1
barsa	PREFIX:1
barsa -	PREFIX:1
barsa - kelmes	LOC:1
bartle	PREFIX:1
bartle frere	LOC:1
barun	PREFIX:1
barun bogdo	LOC:1
basentello	LOC:1
basento	LOC:1
baskatong	LOC:1
basodino	LOC:1
bassacutena	LOC:1
bassi	PREFIX:1
bassi tatra	LOC:1
bastevarri	LOC:1
batam	LOC:1
bathurst	LOC:1
batrnan	LOC:1
battendiero	LOC:1
batu	LOC:1	PREFIX:1
batu puteh	LOC:1
batulantee	LOC:1
baumann	LOC:1
bawean	LOC:1
bazman	LOC:1
beaufort	LOC:1
becca	PREFIX:2
becca di	PREFIX:1
becca di nona	LOC:1
becca vannetta	LOC:1
becharof	LOC:1
beck	LOC:1
bego	LOC:1
bei	PREFIX:1
bei hulsan	LOC:1
beigua	LOC:1
belaia	PREFIX:1
belaia sancai	LOC:1
belaja	LOC:1
belbo	LOC:1
belczyna	LOC:1
belice	LOC:1	PREFIX:2
belice destro	LOC:1
belice sinistro	LOC:1
belici	LOC:1
belitung	LOC:1
beljanica	LOC:1
beloje	LOC:1
belot	LOC:1
belu	LOC:1
belukha	LOC:1
bemaraha	LOC:1
bemina	LOC:1
ben	PREFIX:2
ben lawers	LOC:1
ben nevis	LOC:1
benbulben	LOC:1
bennejo	LOC:1
bennen	LOC:1
beresina	LOC:1
berezovka	LOC:1
berim	LOC:1
bering	LOC:1
berryessa	LOC:1
besar	LOC:1
beskidi	LOC:1
besna	PREFIX:1
besna kobila	LOC:1
betchawana	LOC:1
bevano	LOC:1
bevera	LOC:1
biak	LOC:1
bidente	PREFIX:3
bidente di	PREFIX:3
bidente di corniolo	LOC:1
bidente di pietrapazza	LOC:1
bidente di ridracoli	LOC:1
bienville	LOC:1
biferno	LOC:1
big	PREFIX:2
big quill	LOC:1
big trout	LOC:1
bignone	LOC:1
biil	LOC:1
biino	LOC:1
biiyuk	PREFIX:1
biiyuk agri	PREFIX:1
biiyuk agri dagi	LOC:1
bijlikol'	LOC:1
bikin	LOC:1
bili	LOC:1
binongko	LOC:1
bintan	LOC:1
biois	LOC:1
birkenkofel	LOC:1
birlad	LOC:1
bisagno	LOC:1
bisbino	LOC:1
biscubio	LOC:1
bisenzio	LOC:1
bistcho	LOC:1
bistrica	LOC:1
bistrila	LOC:1
bitto	LOC:1
biviere	LOC:1
bivolu	LOC:1
biwa	LOC:1
bjraja	PREFIX:1
bjraja -	PREFIX:1
bjraja - tas	LOC:1
bjstrinskij	LOC:1
blouberg	LOC:1
bluestack	LOC:1
blàskavlen	LOC:1
boa	PREFIX:1
boa esperança	LOC:1
bocca	PREFIX:1
bocca di	PREFIX:1
bocca di navene	LOC:1
bocche	PREFIX:1
bocche di	PREFIX:1
bocche di bonifacio	LOC:1
bogdan	LOC:1
bognanco	LOC:1
bogoj	PREFIX:1
bogoj jeravnoje	LOC:1
boisena	LOC:1
boite	LOC:1
bolghera	LOC:1
bolmen	LOC:1
bolon	LOC:1
bolsena	LOC:1
bolsoj	LOC:1
bomberai	LOC:1
bondione	LOC:1
bondone	LOC:1
boothia	LOC:1
boragine	LOC:1
borah	LOC:1
borbera	LOC:1
bordala	LOC:1
bordesigli	LOC:1
boreca	LOC:1
borja	LOC:1
borlezza	LOC:1
bormida	LOC:1	PREFIX:4
bormida di	PREFIX:4
bormida di mallare	LOC:1
bormida di millesimo	LOC:1
bormida di pallare	LOC:1
bormida di spigno	LOC:1
borzsony	LOC:1
bosten	LOC:1
botena	LOC:1
botnia	LOC:1
botrange	LOC:1
botte	PREFIX:1
botte donato	LOC:1
bourget	LOC:1
bouvet	LOC:1
bove	LOC:1
bozok	LOC:1
bozzone	LOC:1
bracciano	LOC:1
bradanello	LOC:1
bradano	LOC:1
braies	LOC:1
bram	LOC:1
brandberg	LOC:1
bras	PREFIX:1
bras d'	PREFIX:1
bras d' or	LOC:1
brasimone	LOC:1
bratsk	LOC:1
brda	LOC:1
breaden	LOC:1
brecknock	LOC:1
bregaglia	LOC:1
breggia	LOC:1
breithorn	LOC:1
brembana	LOC:1
brembo	PREFIX:3
brembo di	PREFIX:3
brembo di barzi	LOC:1
brembo di branzi	LOC:1
brembo di foppolo	LOC:1
brenta	LOC:1
brentella	LOC:1
brentonico	LOC:1
bresimo	LOC:1
bric	PREFIX:1
bric costa	PREFIX:1
bric costa rossa	LOC:1
bridge	PREFIX:1
bridge mountain	LOC:1
brie	LOC:1
brienz	LOC:1
broad	PREFIX:1
broad peak	LOC:1
brocken	LOC:1
brocon	LOC:1
brouillard	PREFIX:1
brouillard -	PREFIX:1
brouillard - innominata	LOC:1
bruee	LOC:1
brunswick	LOC:1
brunswiek	LOC:1
brusago	LOC:1
brusà	LOC:1
bràdano	LOC:1
buchanan	LOC:1
budacu	LOC:1
buendfa	LOC:1
buet	LOC:1
bug	PREFIX:1
bug occidentale	LOC:1
buin	LOC:1
bulera	LOC:1
bull	PREFIX:1
bull shoais	LOC:1
bulun	LOC:1
bumazului	LOC:1
burano	LOC:1
burdur	LOC:1
bureja	LOC:1
bureloni	LOC:1
burtnieku	LOC:1
busanga	LOC:1
busazza	LOC:1
busento	LOC:1
bussento	LOC:1
bustah	LOC:1
butung	LOC:1
buzaci	LOC:1
bàrgà	LOC:1
bóbr	LOC:1
c.so	TST:1
c/so	TST:1
caballeria	LOC:1
cabonga	LOC:1
cabora	PREFIX:1
cabora bassa	LOC:1
caccamo	LOC:1
cadino	LOC:1
cadobec	LOC:1
cadore	LOC:1
cadria	LOC:1
caira	LOC:1
calabritto	LOC:1
calamian	LOC:1
calamone	LOC:1
calderas	LOC:1
calderina	LOC:1
caldognola	LOC:1
calisio	LOC:1
callabonna	LOC:1
calore	PREFIX:2
calore cilentano	LOC:1
calore lucano	LOC:1
calvitero	LOC:1
camiguin	LOC:1
camonica	LOC:1
campanile	PREFIX:1
campanile di	PREFIX:1
campanile di val	PREFIX:1
campanile di val montanaia	LOC:1
campiano	LOC:1
campo	PREFIX:3
campo carlo	PREFIX:1
campo carlo magno	LOC:1
campo dei	PREFIX:1
campo dei fiori	LOC:1
campo tencia	LOC:1
campodonico	LOC:1
campolongo	LOC:1
camposauro	LOC:1
campotosto	LOC:1
canale	TSL:1
candelaro	LOC:1
candigliano	LOC:1
caniapiscau	LOC:1
canin	LOC:1
cannavine	LOC:1
canning	LOC:1
cannito	LOC:1
cannobino	LOC:1
canobina	LOC:1
cantabrico	LOC:1
cantalice	LOC:1
canterbury	LOC:1
canterno	LOC:1
cantogno	LOC:1
canuma	LOC:1
cany	LOC:1
canzolino	LOC:1
caorame	LOC:1
capim	LOC:1
capivara	LOC:1
capodacqua	LOC:1
capoompeta	LOC:1
capovalle	LOC:1
cappadocia	LOC:1
caprolace	LOC:1
caramola	LOC:1
caramolo	LOC:1
carapelle	LOC:1
carbo	LOC:1
cardiel	LOC:1
carelia	PREFIX:1
carelia occidentale	LOC:1
carey	LOC:1
carezza	LOC:1
caricyn	LOC:1
carlantino	LOC:1
carnegie	LOC:1
carona	LOC:1
caronia	LOC:1
caronte	LOC:1
carpasina	LOC:1
carpazi	LOC:1
carpegna	LOC:1
carpina	LOC:1
carpineto	LOC:1
carpino	LOC:1
carpinone	LOC:1
carrantuohill	LOC:1
carè	PREFIX:1
carè alto	LOC:1
casaraccio	LOC:1
casentino	LOC:1
casies	LOC:1
casotto	LOC:1
caspio	LOC:1
cassibile	LOC:1
castel	PREFIX:1
castel fraiano	LOC:1
castellano	LOC:1
castellara	LOC:1
castrocucco	LOC:1
casìes	LOC:1
catena	TSL:1
catene	TSL:1
catinaccio	LOC:1	PREFIX:1
catinaccio d'	PREFIX:1
catinaccio d' antermoia	LOC:1
catirina	LOC:1
catocastro	LOC:1
catria	LOC:1
catrimani	LOC:1
catuso	LOC:1
catyrkel'	LOC:1
caucaso	LOC:1
cauriòl	LOC:1
cavallina	LOC:1
cavento	LOC:1
cavone	LOC:1
cayambe	LOC:1
cece	LOC:1
cecina	LOC:1
cecita	LOC:1
cedar	LOC:1	PREFIX:1
cedar creek	LOC:1
cedra	LOC:1
cedrino	LOC:1
cei	LOC:1
celebes	LOC:1
celeken	LOC:1
celone	LOC:1
cembra	LOC:1
cemi	LOC:1
cenajo	LOC:1
cengio	LOC:1
ceno	LOC:1
centosalme	LOC:1
ceram	LOC:1
cercal	LOC:1
cercen	LOC:1
ceresio	LOC:1
cerretano	LOC:1
cerro	PREFIX:1
cerro torre	LOC:1
certano	LOC:1
cerusa	LOC:1
cervaro	LOC:1
cervati	LOC:1
cerviera	LOC:1
cervino	LOC:1
cervio	LOC:1
cesano	LOC:1
cesima	LOC:1
cetona	LOC:1
cevedale	LOC:1
ceyhan	LOC:1
chaberton	LOC:1
chachani	LOC:1
chagdo	LOC:1
chalamy	LOC:1
chamo	LOC:1
chandalar	LOC:1
chapa	LOC:1
chardonnet	PREFIX:1
chardonnet -	PREFIX:1
chardonnet - tour	LOC:1
chattahoochee	LOC:1
chehel	PREFIX:1
chehel dokhtaran	LOC:1
chelan	LOC:1
chesuncook	LOC:1
chiampo	LOC:1
chiana	LOC:1
chiani	LOC:1
chiarchia	LOC:1
chiarino	LOC:1
chiarzò	LOC:1
chiascio	LOC:1
chibougamau	LOC:1
chiem	LOC:1
chienti	LOC:1	PREFIX:2
chienti di	PREFIX:2
chienti di pieve	PREFIX:2
chienti di pieve bovigliana	LOC:1
chienti di pieve torina	LOC:1
chieo	LOC:1
chilka	LOC:1
chimborazo	LOC:1
chinisìa	LOC:1
chisola	LOC:1
chisone	LOC:1
chiusella	LOC:1
cho	PREFIX:1
cho oyu	LOC:1
chopok	LOC:1
ciaramite	LOC:1
cignana	LOC:1
cima	TSL:1	PREFIX:4
cima d'	PREFIX:1
cima d' asta	LOC:1
cima dei	PREFIX:1
cima dei preti	LOC:1
cima dodici	LOC:1
cima undici	LOC:1
cime	TSL:1
cimirlo	LOC:2
cimoliana	LOC:1
cimon	PREFIX:3
cimon del	PREFIX:1
cimon del latemàr	LOC:1
cimon della	PREFIX:1
cimon della pala	LOC:1
cimon rava	LOC:1
cimone	LOC:1
cinese	PREFIX:2
cinese meridionale	LOC:1
cinese orientale	LOC:1
cingoli	LOC:1
cinisco	LOC:1
cinzio	LOC:1
circeo	LOC:1
cirelle	LOC:1
cirilla	LOC:1
cirlano	LOC:1
cismon	LOC:1
cispiri	LOC:1
cixerri	LOC:1
clapa	LOC:1
clitumno	LOC:1
clitunno	LOC:1
clusella	LOC:1
coghinas	LOC:1
cogliandrino	LOC:1
coglians	LOC:1
col	PREFIX:1
col santo	LOC:1
colbricon	LOC:1
colle	TSL:1	PREFIX:1
colle del	PREFIX:1
colle del tourmalet	LOC:1
colli	TSL:1
colmegno	LOC:1
coma	PREFIX:1
coma di	PREFIX:1
coma di campo	LOC:1
comabbio	LOC:1
comano	LOC:1
comino	LOC:1
conero	LOC:1
conicello	LOC:1
corace	LOC:1
corbara	LOC:1
cordevole	LOC:1
cornacchia	LOC:1
cornetto	LOC:1
cornia	LOC:1
corno	PREFIX:2
corno alle	PREFIX:1
corno alle scale	LOC:1
corno grande	LOC:1
corongia	LOC:1
coropuna	LOC:1
corrasi	LOC:1
corrib	LOC:1
corsalone	LOC:1
corso	TSL:1
corumba	LOC:1
coscerno	LOC:1
cosceruo	LOC:1
coscile	LOC:1
cosizza	LOC:1
costa	PREFIX:1
costa brunella	LOC:1
costagnella	LOC:1
costalovara	LOC:1
costalunga	LOC:1
cotopaxi	LOC:1
cotschen	LOC:1
covington	LOC:1
cowan	LOC:1
crapaud	LOC:1
crater	LOC:1
crati	LOC:1
craticello	LOC:1
cree	LOC:1
cridola	LOC:1
crkwena	LOC:1
croagh	PREFIX:1
croagh patrick	LOC:1
croaghaun	LOC:1
crocco	LOC:1
croda	PREFIX:1
croda dei	PREFIX:1
croda dei baranci	LOC:1
cron	LOC:1
cropa	LOC:1
cross	PREFIX:1
cross fell	LOC:1
crovara	LOC:1
crozzon	PREFIX:1
crozzon del	PREFIX:1
crozzon del làres	LOC:1
cuango	LOC:1
cuccio	LOC:1
cuencamé	PREFIX:1
cuencamé de	PREFIX:1
cuencamé de ceniceros	LOC:1
cugnana	LOC:1
cuilo	LOC:1
cuja	LOC:1
cukcagirsk	LOC:1
cukci	LOC:1
culym	LOC:1
cumberland	LOC:1
cumerna	LOC:1
cunene	LOC:1
cureg	PREFIX:1
cureg -	PREFIX:1
cureg - tag	LOC:1
curiei	LOC:1
curone	LOC:1
curua	LOC:1
curubata	LOC:1
cushing	LOC:1
cusio	LOC:1
cusna	LOC:1
cutò	LOC:1
cézallier	LOC:1
dadynsk	LOC:1
dale	PREFIX:1
dale hollow	LOC:1
dalma'	LOC:1
dalmaj	LOC:1
damavand	LOC:1
dammastock	LOC:1
danjiangkou	LOC:1
danubio	LOC:2
daone	LOC:1
dapha	LOC:1
darbandt	PREFIX:1
darbandt khan	LOC:1
dardagna	LOC:1
dardaneue	LOC:1
darlot	LOC:1
daugava	LOC:1
daule	LOC:1
dauphin	LOC:1
dawson	LOC:1
dease	LOC:1
decelles	LOC:1
degano	LOC:1
deingueri	LOC:1
demavend	LOC:1
demonte	LOC:1
dempo	LOC:1
dendi	LOC:1
denezkin	PREFIX:1
denezkin kamen	LOC:1
dent	PREFIX:3
dent bianche	LOC:1
dent blanche	LOC:1
dent du	PREFIX:1
dent du midi	LOC:1
dente	PREFIX:1
dente del	PREFIX:1
dente del gigante	LOC:1
deogarh	LOC:1
deosai	LOC:1
des	PREFIX:1
des moines	LOC:1
dese	LOC:1
deserti	TSL:1
deserto	TSL:1
desusino	LOC:1
devero	LOC:1
dey	PREFIX:1
dey dey	LOC:1
dezzo	LOC:1
dhaulagiri	LOC:1
dhirfis	LOC:1
diablerets	LOC:1
diaterna	LOC:1
diavolo	PREFIX:1
diavolo di	PREFIX:1
diavolo di tenda	LOC:1
diikiin	LOC:1
dipilo	LOC:1
dirillo	LOC:1
disueri	LOC:1
dittàino	LOC:1
divedra	LOC:1
divedro	LOC:1
diveria	LOC:1
djado	LOC:1
djebobo	LOC:1
djenoun	LOC:1
dnepr	LOC:1
dniester	LOC:1
doberai	LOC:1
doberdo	LOC:1
dobrudzansk	LOC:1
doda	PREFIX:1
doda betta	LOC:1
dogai	PREFIX:1
dogai coring	LOC:1
doi	PREFIX:1
doi inthanon	LOC:1
dolomiti	PREFIX:1
dolomiti di	PREFIX:1
dolomiti di brenta	LOC:1
donets	LOC:1
dong	PREFIX:1
dong taijnar	LOC:1
donggi	LOC:1
dongting	LOC:1
donuzlav	LOC:1
doonerak	LOC:1
dora	TSL:1	PREFIX:2
dora baltea	LOC:1
dora riparia	LOC:1
dordogna	LOC:1
dozois	LOC:1
dragogna	LOC:1
drava	LOC:1
drawa	LOC:1
drei	PREFIX:1
drei zinnen	LOC:1
dreiherrn	PREFIX:1
dreiherrn spitze	LOC:1
drina	LOC:1
duan	LOC:1
dubawnt	LOC:1
duero	LOC:1
duhiin	LOC:1
dulla	LOC:1
dundas	LOC:1
dunnitor	LOC:1
durance	LOC:1
duron	LOC:1
durone	LOC:1
durusu	LOC:1
dworshak	LOC:1
dykh	LOC:1
dylewska	LOC:1
dysnu	LOC:1
dzeninsk	LOC:1
dôme	PREFIX:1
dôme du	PREFIX:1
dôme du goûter	LOC:1
eastmain	LOC:1
eber	LOC:1
ebinur	LOC:1
ebro	LOC:1
edith	PREFIX:1
edith cavell	LOC:1
eduni	LOC:1
ega	LOC:1
egeo	LOC:1
eglab	PREFIX:1
eglab dersa	LOC:1
egridir	LOC:1
ei	PREFIX:1
ei bema	LOC:1
eider	LOC:1
eiger	LOC:1
eigàhogna	LOC:1
einasleigh	LOC:1
el'	PREFIX:1
el' gi	LOC:1
elbrus	LOC:1
elephant	PREFIX:1
elephant butte	LOC:1
elgjgjtgyn	LOC:1
elgon	LOC:1
elicona	LOC:1
elila	LOC:1
elku	LOC:1
ellero	LOC:1
elvo	LOC:1
eme	PREFIX:1
eme inferiore	LOC:1
emilius	LOC:1
emporia	LOC:1
endine	LOC:1
enego	LOC:1
engershatu	LOC:1
ennadai	LOC:1
enns	LOC:1
eno	LOC:1
entella	LOC:1
entrepefias	LOC:1
epukiro	LOC:1
erbezzo	LOC:1
erdemolo	LOC:1
erebus	LOC:1
erepecu	LOC:1
erichsen	LOC:1
erie	LOC:1
erne	LOC:1
errigal	LOC:1
esaro	LOC:1
esgueva	LOC:1
esinante	LOC:1
esino	LOC:1
esmeraldas	LOC:1
est	TEL:1
estreito	LOC:1
estrella	LOC:1
ete	PREFIX:2
ete morto	LOC:1
ete vivo	LOC:1
etna	LOC:1
eufaula	LOC:1
evançon	LOC:1
everest	LOC:1
everett	LOC:1
eyasi	LOC:1
eyre	LOC:1
ezequiel	PREFIX:1
ezequiel rarnos	PREFIX:1
ezequiel rarnos mexia	LOC:1
fagnano	LOC:1
fairweather	LOC:1
falterona	LOC:1
fan	PREFIX:1
fan si	PREFIX:1
fan si pan	LOC:1
fanes	LOC:1
fara	LOC:1
farcau	LOC:1
fariih	LOC:1
farinella	LOC:1
fasanella	LOC:1
favalto	LOC:1
favoscuro	LOC:1
fcorace	LOC:1
fedaia	LOC:1
feldberg	LOC:1
fellicarolo	LOC:1
fema	LOC:1
fenella	LOC:1
fengshuba	LOC:1
fergana	LOC:1
fergia	LOC:1
ferm	LOC:1
ferret	LOC:1
ferriera	LOC:1
fersinone	LOC:1
fiandre	LOC:1
fiastra	LOC:1
fiastrone	LOC:1
fibbio	LOC:1
fibreno	LOC:1
fie	LOC:1
fiegni	LOC:1
fierras	LOC:1
finke	LOC:1
finmark	LOC:1
finsteraarhom	LOC:1
finsteraarhorn	LOC:1
fiora	LOC:1
fiorentino	PREFIX:1
fiorentino ameghino	LOC:1
fiscalina	LOC:1
fitri	LOC:1
fitzroy	LOC:1
fiumara	PREFIX:1
fiumara amendolea	LOC:1
fiumarella	LOC:1
fiume	TSL:1
fiumefreddo	LOC:1
fiumenicà	LOC:1
fiumetto	LOC:1
fiumi	TSL:1
fiè	LOC:2
flascio	LOC:1
flathead	LOC:1
fleres	LOC:1
flint	LOC:1
flisegga	LOC:1
fluchthom	LOC:1
flumendosa	LOC:1
flumineddu	LOC:1
fluminidurci	LOC:1
fluvione	LOC:1
fogliano	LOC:1
foiano	LOC:1
folgaria	LOC:1
follone	LOC:1
fontanabuona	LOC:1
foraker	LOC:1
foresta	TSL:1
formazza	LOC:1
fortebuso	LOC:1
fortina	LOC:1
fortore	LOC:1
fossa	PREFIX:1
fossa fratta	LOC:1
fosso	PREFIX:11
fosso della	PREFIX:1
fosso della mola	LOC:1
fosso di	PREFIX:3
fosso di bagni	LOC:1
fosso di campodonico	LOC:1
fosso di fucicchio	LOC:1
fosso lappola	LOC:1
fosso rava	PREFIX:1
fosso rava di	PREFIX:1
fosso rava di pozzilli	LOC:1
fosso rumore	LOC:1
fosso sciola	LOC:1
fosso sensati	LOC:1
fosso stridone	LOC:1
fosso vetorno	LOC:1
foyle	LOC:1
foza	LOC:1
fradusta	LOC:1
francis	PREFIX:1
francis case	LOC:1
fraser	LOC:1
fredane	LOC:1
freycinet	LOC:1
fricca	LOC:2
fridtjof	PREFIX:1
fridtjof nansen	LOC:1
frigidolfo	LOC:1
frobisher	LOC:1
frome	LOC:1
frudiera	LOC:1	PREFIX:1
frudiera graine	LOC:1
fràssine	LOC:1
ftéri	LOC:1
fucino	LOC:1
fuji	LOC:1
fuladi	LOC:1
fundres	LOC:1
furcia	LOC:1
furlo	LOC:1
furnas	LOC:1
fusaro	LOC:1
gabiet	LOC:1
gader	LOC:1
gadera	LOC:1
gail	LOC:1
gaizima	LOC:1
gakarosa	LOC:1
galdhopiggen	LOC:1
galilee	LOC:1
galleria	TST:1
gamarri	LOC:1
gambellato	LOC:1
gambia	LOC:1
gamud	LOC:1
ganda	LOC:1
gandino	LOC:1
gangi	LOC:1
gangmar	LOC:1
gannano	LOC:1
gaoyou	LOC:1
garavogue	LOC:1
garda	LOC:1
gardena	LOC:1
gardno	LOC:1
gari	LOC:1
garigliano	LOC:1
gariglione	LOC:1
garlate	LOC:1
garonna	LOC:1
garrafo	LOC:1
garri	LOC:1
gasherbrum	LOC:1	PREFIX:2
gasherbrum i	LOC:1
gasherbrum ii	LOC:1
gaspé	LOC:1
gauri	PREFIX:1
gauri sankar	LOC:1
gausta	LOC:1
gavia	LOC:1
gaziantep	LOC:1
gearhart	LOC:1
gediz	LOC:1
gelas	LOC:1
gerais	LOC:1
gerbici	LOC:1
gerlach	LOC:1
ghetrun	LOC:1
ghiaia	PREFIX:1
ghiaia di	PREFIX:1
ghiaia di serravalle	LOC:1
ghima	LOC:1
giano	LOC:1
giava	LOC:1
gibbesi	LOC:1
gidgi	LOC:1
gillen	LOC:1
gillinn	LOC:1
gimolskoje	LOC:1
giona	LOC:1
giove	LOC:1
giovenco	LOC:1
gioveretto	LOC:1
gistral	LOC:1
giudicarie	LOC:1
giumela	LOC:1
gizio	LOC:1
glaciale	PREFIX:1
glaciale artico	LOC:1
glacier	LOC:1	PREFIX:1
glacier peak	LOC:1
glaciers	PREFIX:1
glaciers -	PREFIX:1
glaciers - trèlatète	LOC:1
glittertind	LOC:1
glockenkarkopf	LOC:1
glockturm	LOC:1
glomma	LOC:1
gmmco	LOC:1
gogland	LOC:1
goillet	LOC:1
goksu	LOC:1
golden	PREFIX:1
golden hinde	LOC:1
golets	PREFIX:2
golets -	PREFIX:2
golets - injaptuk	LOC:1
golets - purpula	LOC:1
golfo	TSL:1	PREFIX:2
golfo arabico	LOC:1
golfo aranci	LOC:1
goljak	LOC:1
gomo	LOC:1
goplo	LOC:1
gordana	LOC:1
gorgoglione	LOC:1
gorzone	LOC:1
gotra	LOC:1
gottero	LOC:1
gouin	LOC:1
goverla	LOC:1
govosoleo	LOC:1
gozha	LOC:1
goéland	LOC:1
goélands	LOC:1
grace	LOC:1
gradara	LOC:1
grammondo	LOC:1
gran	PREFIX:5
gran paradiso	LOC:1
gran pilastro	LOC:1
gran vernèl	LOC:1
gran zebru	LOC:1
gran zebrú	LOC:1
granaro	LOC:1
grand	PREFIX:8
grand ballon	LOC:1
grand capucin	LOC:1
grand combin	LOC:1
grand eyvia	LOC:1
grand lieu	LOC:1
grand teton	LOC:1
grand toumalin	LOC:1
grand wintersberg	LOC:1
grande	PREFIX:2
grande di	PREFIX:1
grande di taranto	LOC:1
grande sassière	LOC:1
grandes	PREFIX:1
grandes jorasses	LOC:1
granville	LOC:1
grappa	LOC:1
graveglia	LOC:1
gravina	LOC:1
gravio	LOC:1
gravotti	LOC:1
gresta	LOC:1
greylock	LOC:1
grigno	LOC:1
grivola	LOC:1
groenlandia	LOC:1
grossglockner	LOC:1
grotta	TSL:1
grotte	TSL:1
großglockner	LOC:1
gruppo	PREFIX:6
gruppo del	PREFIX:5
gruppo del catinaccio	LOC:1
gruppo del catinaccioio	LOC:1
gruppo del monte	PREFIX:1
gruppo del monte baldo	LOC:1
gruppo del pasubio	LOC:1
gruppo del sella	LOC:1
gruppo di	PREFIX:1
gruppo di cima	PREFIX:1
gruppo di cima d'	PREFIX:1
gruppo di cima d' asta	LOC:1
guadalquivir	LOC:1
guadalupe	LOC:1
guadiana	LOC:1
gueredong	LOC:1
gughe	LOC:1
gurcinski	LOC:1
gusana	LOC:1
hadejia	LOC:1
hainan	LOC:1
hajhir	LOC:1
haku	LOC:1
halifax	LOC:1
halla	PREFIX:1
halla mountain	LOC:1
hallingskarvet	LOC:1
halti	LOC:1
haltia	LOC:1
haltitunturi	LOC:1
hamey	LOC:1
hampa	LOC:1
hanang	LOC:1
hanka	LOC:1
hantajsk	LOC:1
hantengri	LOC:1
hapala	LOC:1
harnilton	LOC:1
hartwall	LOC:1
harz	LOC:1
haséré	PREFIX:1
haséré vokré	LOC:1
hatanga	LOC:1
hausstock	LOC:1
hayes	LOC:1
haymana	LOC:1
hazlett	LOC:1
heilong	PREFIX:1
heilong jiang	LOC:1
hekla	LOC:1
hendoriibi	LOC:1
hendrik	LOC:1
henik	LOC:1
hennan	LOC:1
herdhubreidh	LOC:1
heta	LOC:1
highrock	LOC:1
hikurangi	LOC:1
hillaby	LOC:1
hilmi	LOC:1
hilok	LOC:1
himmelbj	LOC:1
hinde	LOC:1
hindmarsh	LOC:1
hirfanli	LOC:1
hirgytkin	LOC:1
hirzer	PREFIX:1
hirzer spitze	LOC:1
hochgall	LOC:1
hochkreuz	LOC:1
hochnam	LOC:1
hochschwab	LOC:1
hochwanner	LOC:1
hochwiide	LOC:1
hodda	LOC:1
hoggar	LOC:1
hoh	PREFIX:2
hoh sai	LOC:1
hoh xii	LOC:1
hohang	LOC:1
hohe	PREFIX:3
hohe acht	LOC:1
hohe geige	LOC:1
hohe leier	LOC:1
hojdipe	LOC:1
hokensàs	LOC:1
hollick	PREFIX:1
hollick kenyon	LOC:1
homavan	LOC:1
hombori	LOC:1
honghton	LOC:1
hongze	LOC:1
hood	LOC:1
hopkins	LOC:1
hormuz	LOC:1
hornád	LOC:1
horsetooth	PREFIX:1
horsetooth mountain	LOC:1
hottah	LOC:1
huang	LOC:1
huascaran	LOC:1
huila	LOC:1
hulun	LOC:1
humboldt	LOC:1
hungry	PREFIX:1
hungry horse	LOC:1
huon	LOC:1
huron	LOC:1
hymettus	LOC:1
iato	LOC:1
ibervilie	LOC:1
iboundji	LOC:1
ibriihim	LOC:1
ichibusa	LOC:1
idice	LOC:1
idjil	LOC:1
idro	LOC:1
iemmare	LOC:1
iessej	LOC:1
iested	LOC:1
iezerces	LOC:1
ieziorak	LOC:1
iimen	LOC:1
iivaara	LOC:1
ijssel	LOC:1
ikahavo	LOC:1
ilaferh	LOC:1
iliamna	LOC:1
illasi	LOC:1
illimani	LOC:1
imagna	LOC:1
iman	LOC:1
imele	LOC:1
inari	LOC:1
indiano	LOC:1
inja	LOC:1
inle	LOC:1
intelvi	LOC:1
inyangani	LOC:1
ionio	LOC:1
ipixuna	LOC:1
ippari	LOC:1
iremel	LOC:1
irgiz	LOC:1
irminio	LOC:1
irno	LOC:1
irpino	LOC:1
isalle	LOC:1
isar	LOC:1
isarco	LOC:1
isburo	LOC:1
isca	LOC:1
isclero	LOC:1
isente	LOC:1
iseo	LOC:1
isihly	LOC:1
isikli	LOC:1
isluga	LOC:1
isola	TSL:1
isole	TSL:1
isonzo	LOC:1
isser	LOC:1
issyk	PREFIX:1
issyk -	PREFIX:1
issyk - kul	LOC:1
istada	LOC:1
isère	LOC:1
itchen	LOC:1
itongafeno	LOC:1
ittia	LOC:1
iudica	LOC:1
iuribrutto	LOC:1
iznik	LOC:1
jablanica	LOC:1
jacunda	LOC:1
jaguaribe	LOC:1
jakupica	LOC:1
jamantau	LOC:1
jamari	LOC:1
jambuto	LOC:1
jameela	LOC:1
janisjarvi	LOC:1
japura	LOC:1
japvo	LOC:1
javorie	LOC:1
javorova	LOC:1
jeci	LOC:1
jemaja	LOC:1
jenasimski	PREFIX:1
jenasimski polkan	LOC:1
jiesljavrre	LOC:1
jilf	PREFIX:1
jilf al	PREFIX:1
jilf al kablr	LOC:1
jingpo	LOC:1
jonio	LOC:1
jotunheimen	LOC:1
jreren	LOC:1
jubilee	LOC:1
judoma	LOC:1
jukagirsk	LOC:1
julianatop	LOC:1
juma	LOC:1
jungfrau	LOC:1
junin	LOC:1
jupia	LOC:1
jurumirim	LOC:1
jutai	LOC:1
jôf	PREFIX:1
jôf di	PREFIX:1
jôf di montasio	LOC:1
kabaena	LOC:1
kabalebo	LOC:1
kabinakagarni	LOC:1
kabompo	LOC:1
kadusam	LOC:1
kahovka	LOC:1
kainji	LOC:1
kakisa	LOC:1
kaladan	LOC:1
kalao	LOC:1
kalaotoa	LOC:1
kalat	LOC:1
kaldbakur	LOC:1
kalnik	LOC:1
kalsubai	LOC:1
kamaran	LOC:1
kambuno	LOC:1
kamcijsk	LOC:1
kamen	LOC:1
kamennoje	LOC:1
kaminak	LOC:1
kaminuriak	LOC:1
kampar	LOC:1
kanchenjonga	LOC:1
kangchenjunga	LOC:1
kangrinboqe	LOC:1
kangto	LOC:1
karabil	LOC:1
karagin	LOC:1
karakoin	LOC:1
karasu	LOC:1
kariba	LOC:1
karimata	LOC:1
karnafuli	LOC:1
kasba	LOC:1
kasiruta	LOC:1
katahdin	LOC:1
katmai	LOC:1
katsina	LOC:1
kaubalatmada	LOC:1
kaulishishi	LOC:1
kaunispiiii	LOC:1
kawich	LOC:1
kayoa	LOC:1
kazbek	LOC:1
keban	LOC:1
kebnekaise	LOC:1
keke	PREFIX:1
keke usun	LOC:1
kekumaja	LOC:1
kelil'vun	LOC:1
kelkit	LOC:1
kemijoki	LOC:1
kemp	LOC:1
kenai	LOC:1
kentucky	LOC:1
keret'	LOC:1
kerinchi	LOC:1
kesagami	LOC:1
ketchum	LOC:1
keweenaw	LOC:1
khao	PREFIX:1
khao sai	PREFIX:1
khao sai dao	PREFIX:1
khao sai dao tai	LOC:1
khiiiz	LOC:1
khiir	LOC:1
khiiriin	LOC:1
khiish	LOC:1
khomas	LOC:1
khorat	LOC:1
khormiij	LOC:1
khummi	LOC:1
khvojeh	PREFIX:1
khvojeh liik	LOC:1
khwaja	PREFIX:1
khwaja amran	LOC:1
kiichel	LOC:1
kiihran	LOC:1
kilambé	LOC:1
kildin	LOC:1
kilimangiaro	LOC:1
killini	LOC:1
kilmez	LOC:1
kimbali	LOC:1
kinabalu	LOC:1
kinder	PREFIX:1
kinder scout	LOC:1
kinnekuile	LOC:1
kiondike	LOC:1
kiotz	LOC:1
kirkpatrick	LOC:1
kirnhandu	LOC:1
kiskorei	LOC:1
kitai	LOC:1
kitangiri	LOC:1
kitzsteinhorn	LOC:1
kiuane	LOC:1
kiyiimaki	LOC:1
klamath	LOC:1
klyuchevskaya	PREFIX:1
klyuchevskaya sopka	LOC:1
knasen	LOC:1
knocknarea	LOC:1
kobdo	LOC:1
kobroor	LOC:1
kobuk	LOC:1
kokora	LOC:1
kolgujev	LOC:1
koli	LOC:1
kolyma	LOC:1
komdi	LOC:1
konda	LOC:1
konevits	LOC:1
kongur	LOC:1
kontum	LOC:1
konzakovski	PREFIX:1
konzakovski kamen	LOC:1
koolivoo	LOC:1
korab	LOC:1
korarou	LOC:1
korjaki	LOC:1
koronowski	LOC:1
kosciuszko	LOC:1
kosmaj	LOC:1
kossou	LOC:1
kostroma	LOC:1
koyukuk	LOC:1
krasnovodsk	LOC:1
kremasta	LOC:1
kremencug	LOC:1
kronoc	LOC:1
kroviga	LOC:1
krstaca	LOC:1
ku	PREFIX:1
ku kungasalah	LOC:1
kubenskoje	LOC:1
kudremukh	LOC:1
kuhpayeh	LOC:1
kuikkavaara	LOC:1
kuskokwim	LOC:1
kussharo	LOC:1
kuutse	LOC:1
kwanmo	LOC:1
kwarnisa	LOC:1
la	PREFIX:7
la grande	PREFIX:1
la grande rochère	LOC:1
la grivola	LOC:1
la marmora	LOC:1
la piedra	LOC:1
la raya	PREFIX:1
la raya abra	LOC:1
la selle	LOC:1
la thuile	LOC:1
labaz	LOC:1
labe	LOC:1
laberge	LOC:1
laceno	LOC:1
lacerno	LOC:1
lacore	LOC:1
ladu	LOC:1
lagan	LOC:1
laghi	TSL:1
lago	TSL:1
lagorai	LOC:1
laguna	TSL:1
lam	PREFIX:1
lam pao	LOC:1
lama	PREFIX:1
lama di	PREFIX:1
lama di lenne	LOC:1
lamar	LOC:1
lambin	LOC:1
lambro	LOC:1
lamone	LOC:1
lampedusa	LOC:1
landro	LOC:1
langres	LOC:1
lanzo	LOC:1
lao	LOC:1
lapage	LOC:1
laptev	LOC:1
laramie	LOC:1
laresi	LOC:1
larganza	LOC:1
largo	TST:1
lasa	LOC:1
lasanca	LOC:1
lases	LOC:1
lassen	LOC:1
latemar	LOC:1
latemàr	LOC:1
lauhavuori	LOC:1
laurasca	LOC:1
laut	LOC:1
lavachel	LOC:1
lavaiano	LOC:1
lavan	LOC:1
lavarone	LOC:1
lavazè	LOC:1
laveggio	LOC:1
lavino	LOC:1
lazzago	LOC:1
ldice	LOC:1
le	PREFIX:4
le comate	LOC:1
le moyne	LOC:1
le roignais	LOC:1
le tanargue	LOC:1
lebsko	LOC:1
ledo	LOC:1
leech	LOC:1
lefre	LOC:1
leitha	LOC:1
leks	LOC:1
lemene	LOC:1
lena	PREFIX:1
lena -	PREFIX:1
lena - angara	LOC:1
lentini	LOC:1
leogra	LOC:1
leomogna	LOC:1
leopoldo	PREFIX:1
leopoldo ii	LOC:1
lerca	LOC:1
lerone	LOC:1
les	PREFIX:1
les grandes	PREFIX:1
les grandes jorasses	LOC:1
leschaux	PREFIX:1
leschaux -	PREFIX:1
leschaux - talèfre	LOC:1
lesny	LOC:1
letea	LOC:1
letroy	LOC:1
leuka	LOC:1
levanne	LOC:1
lewiston	LOC:1
lhotse	LOC:1
liangpran	LOC:1
liaotung	LOC:1
liconi	LOC:1
lidi	TSL:1
lido	TSL:1
liffey	LOC:1
ligure	LOC:1
likouala	LOC:1
limbara	LOC:1
limentra	LOC:1	PREFIX:2
limentra di	PREFIX:2
limentra di sambuca	LOC:1
limentra di treppio	LOC:1
limmat	LOC:1
linas	LOC:1
lippemeno	LOC:1
lipuda	LOC:1
liri	LOC:1
liro	LOC:1
liuwa	LOC:1
livenza	LOC:1
livermore	LOC:1
livrio	LOC:1
ljubljanica	LOC:1
lobos	PREFIX:1
lobos de	PREFIX:1
lobos de tierra	LOC:1
lod	PREFIX:1
lod chamois	LOC:1
loga	LOC:1
loira	LOC:1
lokan	LOC:1
loma	PREFIX:1
loma negra	LOC:1
lomato	LOC:1
lomela	LOC:1
loncon	LOC:1
longdor	LOC:1
longhella	LOC:1
longs	PREFIX:1
longs peak	LOC:1
loolmalasin	LOC:1
los	PREFIX:1
los lagos	LOC:1
lowa	LOC:1
lower	PREFIX:1
lower red	LOC:1
lozère	LOC:1
lteshi	PREFIX:1
lteshi -	PREFIX:1
lteshi - teshi	LOC:1
lturup	LOC:1
luando	LOC:1
luang	LOC:1
lubefu	LOC:1
lubiines	LOC:1
lublino	LOC:1
lucala	LOC:1
lucania	LOC:1
lucrino	LOC:1
ludgorsk	LOC:1
luena	LOC:1
lughansk	LOC:1
luiana	LOC:1
lulonga	LOC:1
lumajandong	LOC:1
lumiei	LOC:1
lunkho	LOC:1
luretta	LOC:1
lusaziani	LOC:1
luserna	LOC:1
lusia	LOC:1
lusiana	LOC:1
lussert	LOC:1
luza	LOC:1
lévézou	LOC:1
mac	PREFIX:1
mac alpine	LOC:1
macdui	LOC:1
machattie	LOC:1
machera	LOC:1
mackay	LOC:1
mackenzie	LOC:1
macquarie	LOC:1
madawaska	LOC:1
madrasco	LOC:1
madura	LOC:1
magazzolo	LOC:1
mageroya	LOC:1
maggia	LOC:1
magnisi	LOC:1
mahendra	LOC:1
mahia	LOC:1
mahiirlii	LOC:1
mahkene	LOC:1
mai	PREFIX:1
mai -	PREFIX:1
mai - ndombe	LOC:1
maigudo	LOC:1
mainalon	LOC:1
maitland	LOC:1
makalu	LOC:1
makian	LOC:1
makorako	LOC:1
malawi	LOC:1
maleb	LOC:1
malek	PREFIX:2
malek siah	LOC:1
malek siàh	LOC:1
malgher	LOC:1
malgina	LOC:1
malheur	LOC:1
malina	LOC:1
maljovica	LOC:1
mallero	LOC:1
mallery	LOC:1
malvaro	LOC:1
mam	PREFIX:1
mam tor	LOC:1
mamry	LOC:1
manacapuru	LOC:1
managua	LOC:1
manakau	LOC:1
mananara	LOC:1
manas	LOC:1
manaslu	LOC:1
mandioré	LOC:1
mangabeiras	LOC:1
mangart	LOC:1
manghen	LOC:1
manghisi	LOC:1
manipur	LOC:1
mannu	LOC:1	PREFIX:3
mannu di	PREFIX:3
mannu di ozieri	LOC:1
mannu di porto	PREFIX:1
mannu di porto torres	LOC:1
mannu di torralba	LOC:1
manui	LOC:1
manyara	LOC:1
manyas	LOC:1
mapam	PREFIX:1
mapam yum	LOC:1
maputo	LOC:1
maqèn	LOC:1
mar	TSL:1
maracaibo	LOC:1
maracanaquara	LOC:1
maragno	LOC:1
marapi	LOC:1
marceddi	LOC:1
marcenella	LOC:1
mardi	LOC:1
mare	TSL:1
marecchia	LOC:1
maremola	LOC:1
marena	LOC:1
marepotamo	LOC:1
margai	LOC:1
marha	LOC:1
mari	TSL:1
markakol	LOC:1
markham	LOC:1
marlon	LOC:1
marmara	LOC:2
marmolada	LOC:1
marmore	LOC:1
marna	LOC:1
maro	LOC:1
maroglio	LOC:1
maroon	PREFIX:1
maroon bells	LOC:1
marreh	LOC:1
marte	LOC:1
marzeno	LOC:1
marzènego	LOC:1
masela	LOC:1
massaciuccoli	LOC:1
massiccio	TSL:1
massoncello	LOC:1
mastallone	LOC:1
masul	LOC:1
matajur	LOC:1
matese	LOC:2
mato	PREFIX:1
mato grosso	LOC:1
matra	LOC:1
matterhorn	LOC:1
maumturks	LOC:1
mauna	PREFIX:1
mauna loa	LOC:1
mavone	LOC:1
mayenne	LOC:1
mazaro	LOC:1
maè	LOC:1
mbakaou	LOC:1
mburu	LOC:1
mckinley	LOC:1
mcleod	LOC:1
mead	LOC:1
mediterraneo	LOC:1
meduna	LOC:1
medvezi	LOC:1
megasani	LOC:1
meguinenza	LOC:1
mehriin	LOC:1
meissner	LOC:1
mekongga	LOC:1
melandro	LOC:1
meledrio	LOC:1
melezza	LOC:1
melezzo	LOC:1
melfa	LOC:1
melimoyo	LOC:1
mella	LOC:1
melville	LOC:1
melz	LOC:1
memar	LOC:1
menago	LOC:1
mendola	LOC:2
menegosa	LOC:1
menihek	LOC:1
menkere	LOC:1
menoikion	LOC:1
menotre	LOC:1
menzies	LOC:1
mepalué	LOC:1
mercurio	LOC:1
mercòr	LOC:1
mergozzo	LOC:1
meride	LOC:1
merse	LOC:1
meru	LOC:1
mesa	PREFIX:1
mesa de	PREFIX:1
mesa de san	PREFIX:1
mesa de san carlos	LOC:1
meschio	LOC:1
mesima	LOC:1
metauro	LOC:1
meymeh	LOC:1
mezen'	LOC:1
mezzola	LOC:1
mi	PREFIX:1
mi mantolingajan	LOC:1
miang	LOC:1
miass	LOC:1
midzor	LOC:1
miedwie	LOC:1
milicia	LOC:1
miljacka	LOC:1
mille	PREFIX:1
mille lacs	LOC:1
millevaches	LOC:1
millwood	LOC:1
mincio	LOC:1
mindanao	LOC:1
mingardo	LOC:1
mingecaur	LOC:1
minigwal	LOC:1
minilya	LOC:1
minisini	LOC:1
minto	LOC:1
misa	LOC:1
miscano	LOC:1
miserin	LOC:1
mishraq	LOC:1
misima	LOC:1
misool	LOC:1
missisa	LOC:1
mistassini	LOC:1
misurina	LOC:1
mitchell	LOC:1
miuaren	LOC:1
mius	LOC:1
mllritz	LOC:1
mobuto	PREFIX:1
mobuto sese	PREFIX:1
mobuto sese seko	LOC:1
mocheni	LOC:1
modione	LOC:1
moero	LOC:1
moesa	LOC:1
moggio	LOC:1
mogotojevo	LOC:1
moiing	LOC:1
moisie	LOC:1
moldoveanu	LOC:1
molgora	LOC:1
mollarino	LOC:1
monadnock	LOC:1
monate	LOC:1
mongioia	LOC:1
mongioie	LOC:1
monguelfo	LOC:1
mont	TSL:1
montagna	PREFIX:3
montagna baitou	LOC:1
montagna camerun	LOC:1
montagna di	PREFIX:1
montagna di coperino	LOC:1
montaito	LOC:1
montaraie	LOC:1
montarale	LOC:1
monte	TSL:1
montenero	LOC:1
montenevoso	LOC:1
monterosi	LOC:1
monti	TSL:1
monticano	LOC:1
monticolo	LOC:1
montorfano	LOC:1
montserrat	LOC:1
monviso	LOC:1
moosehead	LOC:1
mordini	LOC:1
more	PREFIX:1
more -	PREFIX:1
more - iz	LOC:1
moreton	LOC:1
morne	PREFIX:1
morne diablotin	LOC:1
mornou	LOC:1
morotai	LOC:1
morvan	LOC:1
mosa	LOC:1
mosella	LOC:1
moskva	LOC:1
moultrie	LOC:1
mounier	LOC:1
moyo	LOC:1
mucone	LOC:1
mulargia	LOC:1
mulignana	LOC:1
munamagi	LOC:1
murchison	LOC:1
murgab	LOC:1
murgas	LOC:1
murgia	PREFIX:1
murgia di	PREFIX:1
murgia di serraficaia	LOC:1
murguz	LOC:1
murray	LOC:1
murro	PREFIX:1
murro di	PREFIX:1
murro di porco	LOC:1
mursala	LOC:1
musala	LOC:1
musandam	LOC:1
muskegon	LOC:1
musone	PREFIX:1
musone vecchio	LOC:1
musquaro	LOC:1
musters	LOC:1
mutus	LOC:1
muztag	LOC:1
muztagata	LOC:1
muztagh	LOC:1
muzzanella	LOC:1
mweelrea	LOC:1
mwenezi	LOC:1
myinrnoletkat	LOC:1
mynydd	PREFIX:1
mynydd prescelly	LOC:1
màzaro	LOC:1
mèolo	LOC:1
méschio	LOC:1
mézenc	LOC:1
mògoro	LOC:1
müstair	LOC:1
nabberu	LOC:1
nacikinsk	LOC:1
nadyrn	LOC:1
nahuel	PREFIX:1
nahuel huapi	LOC:1
naita	LOC:1
nalles	LOC:1
namak	LOC:1
namjagbarwa	LOC:1
namlen	LOC:1
namuli	LOC:1
nan	PREFIX:1
nan hulsan	LOC:1
nanda	PREFIX:1
nanda devi	LOC:1
nanga	PREFIX:1
nanga parbat	LOC:1
nantais	LOC:1
naococane	LOC:1
naone	LOC:1
nardis	LOC:2
narenta	LOC:1
naro	LOC:1
naryn	LOC:1
nasser	LOC:1
natisone	LOC:1
natissa	LOC:1
naukluft	LOC:1
navajo	LOC:1
navile	LOC:1
neblà	LOC:1
nechako	LOC:1
neckar	LOC:1
negrone	LOC:1
neiichu	LOC:1
neirone	LOC:1
neisse	LOC:1
nejanilini	LOC:1
nelku~an	LOC:1
nemi	LOC:1
nemunas	LOC:1
nen	PREFIX:1
nen jiang	LOC:1
nenana	LOC:1
nepa	LOC:1
nervia	LOC:1
nery	LOC:1
nesa	LOC:1
neto	LOC:1
nettilling	LOC:1
nettuno	LOC:1
neuchatel	LOC:1
neusiedl	LOC:1
neva	LOC:1
nevola	LOC:1
ngangerabeli	LOC:1
ngangze	LOC:1
ngarni	LOC:1
ngoc	PREFIX:1
ngoc linh	LOC:1
ngoring	LOC:1
ngum	LOC:1
niangay	LOC:1
nicaragua	LOC:1
niceto	LOC:1
nichicum	LOC:1
nicoya	LOC:1
nicà	LOC:1
nidelva	LOC:1
nieddu	LOC:1
niemba	LOC:1
niger	LOC:1
nigra	LOC:1
nilakka	LOC:1
ninfa	LOC:1
nipigon	LOC:1
nipissing	LOC:1
nisa	LOC:1
nitiya	LOC:1
njuja	LOC:1
njuk	LOC:1
njunes	LOC:1
noana	LOC:1
noatak	LOC:1
noce	LOC:1
nocella	LOC:1
nokrek	LOC:1
nonacho	LOC:1
noncello	LOC:1
nord	TEL:1
norfolk	LOC:1
normanby	LOC:1
northem	PREFIX:1
northem indian	LOC:1
ntlenyana	LOC:1
nueltin	LOC:1
nunkun	LOC:1
nure	LOC:1
o'	PREFIX:2
o' higgins	LOC:1
o' the	PREFIX:1
o' the cherokees	LOC:1
oahe	LOC:1
oasi	TSL:1
obruk	LOC:1
occhito	LOC:1
occido	LOC:1
occlini	LOC:1
oceani	TSL:1
oceano	TSL:1
oclini	LOC:1
oconee	LOC:1
ocrida	LOC:1
ofanto	LOC:1
oglethorpe	LOC:1
ogliastro	LOC:1
oglio	LOC:1
ogna	LOC:1
ogoki	LOC:1
ogradzen	LOC:1
ohio	LOC:1
ohotsk	LOC:1
oiapoque	LOC:1
okanogan	LOC:1
okeechobee	LOC:1
okhi	LOC:1
okinawa	LOC:1
old	PREFIX:2
old crow	LOC:1
old wives	LOC:1
olenek	LOC:1
olginate	LOC:1
olimpo	PREFIX:1
olimpo di	PREFIX:1
olimpo di bitinia	LOC:1
olivento	LOC:1
olona	LOC:1
olpeta	LOC:1
oléron	LOC:1
omaruru	LOC:1
omatako	LOC:1
ombrone	LOC:1	PREFIX:1
ombrone pistoiese	LOC:1
omodeo	LOC:1
omolon	LOC:1
onega	LOC:1
onekotan	LOC:1
oologah	LOC:1
opiscotéo	LOC:1
orba	LOC:1
orbetello	LOC:1
orcia	LOC:1
orel	LOC:1
oreto	LOC:1
orfento	LOC:1
organ	LOC:1
oros	LOC:1
orrefajokull	LOC:1
orsigna	LOC:1
ortles	LOC:1	PREFIX:2
ortles -	PREFIX:1
ortles - cevedale	LOC:1
ortles cevedale	LOC:1
osento	LOC:1
oskju	LOC:1
ossola	LOC:1
ostrovices	LOC:1
ostrow	PREFIX:1
ostrow wielkopolski	LOC:1
osvejsk	LOC:1
otelny	LOC:1
ouessant	LOC:1
oulu	LOC:1
oulujoki	LOC:1
ovesca	LOC:1
ovest	TEL:1
ovri	LOC:1
owyhee	LOC:1
oxentina	LOC:1
ozarks	LOC:1
ozogin	LOC:1
ozola	LOC:1
p.za	TST:1
p.zza	TST:1
pacifico	LOC:1
padule	LOC:1
paganella	LOC:2
paikon	LOC:1
pajer	LOC:1
pakar	LOC:1
pal	PREFIX:1
pal -	PREFIX:1
pal - pal	LOC:1
pala	PREFIX:1
pala di	PREFIX:1
pala di san	PREFIX:1
pala di san martino	LOC:1
palade	LOC:1
pale	PREFIX:1
pale di	PREFIX:1
pale di san	PREFIX:1
pale di san martino	LOC:1
palente	LOC:1
palistro	LOC:1
paljakka	LOC:1
paljenic	LOC:1
palla	PREFIX:1
palla bianca	LOC:1
palomar	LOC:1
palon	LOC:2
palòn	PREFIX:1
palòn de	PREFIX:1
palòn de la	PREFIX:1
palòn de la mare	LOC:1
palón	LOC:1
pampeago	LOC:1
pan	PREFIX:1
pan di	PREFIX:1
pan di zucchero	LOC:1
panachaicu	LOC:1
panaitan	LOC:1
panaro	LOC:1
panarotta	LOC:1
pandokrator	LOC:1
paneveggio	LOC:1
pangani	LOC:1
pantar	LOC:1
panuco	LOC:1
parabel'	LOC:1
paraguana	LOC:1
paranafua	LOC:1
paranii	LOC:1
pararnillo	LOC:1
paravani	LOC:1
parcines	LOC:1
paricutin	LOC:1
parnaso	LOC:1
parnasso	LOC:1
passi	TSL:1
passiria	LOC:1
passirio	LOC:1
passo	TSL:1
pastrik	LOC:1
pasubio	LOC:1
patomsk	LOC:1
pauini	LOC:1
payne	LOC:1
pe	PREFIX:1
pe pedra	PREFIX:1
pe pedra ettori	LOC:1
peccia	LOC:1
pecos	LOC:1
peipus	LOC:1
pejantan	LOC:1
pekornica	LOC:1
pelat	LOC:1
peleaga	LOC:1
peleng	LOC:1
peligna	LOC:1
pelinaion	LOC:1
pelio	LOC:1
pellegrino	LOC:1
pellice	LOC:1
pellino	LOC:1
pelotas	LOC:1
pelvo	PREFIX:1
pelvo d'elva	LOC:1
penegal	LOC:1
peneo	LOC:1
pennavaria	LOC:1
pennes	LOC:1
penolo	LOC:1
peralba	LOC:1
pergusa	LOC:1
peribonca	LOC:1
perlo	LOC:1
pern	LOC:1
persenk	LOC:1
pertusillo	LOC:1
pesarina	LOC:1
pescia	LOC:1
pescone	LOC:1
pesio	LOC:1
peteroa	LOC:1
petitsikapau	LOC:1
petrella	LOC:1
petrolo	LOC:1
petrova	LOC:1
petrulla	LOC:1
pettinascura	LOC:1
petzek	LOC:1
peuterey	LOC:1
philippeville	LOC:1
phnum	PREFIX:1
phnum aòral	LOC:1
pian	PREFIX:1
pian delle	PREFIX:1
pian delle fugazze	LOC:1
piana	TSL:1	PREFIX:2
piana degli	PREFIX:1
piana degli albanesi	LOC:1
piana rotaliana	LOC:1
pianella	LOC:1
pianeta	TSL:1
piangaiano	LOC:1
pianosa	LOC:1
pianotolli	PREFIX:1
pianotolli caldarello	LOC:1
pianura	TSL:1	PREFIX:1
pianura padana	LOC:1
pianure	TSL:1
piave	LOC:1
piazza	TST:1
piazzal	TST:1
piazzale	TST:1
piazzetta	TST:1
picco	PREFIX:2
picco di	PREFIX:1
picco di adamo	LOC:1
picco lenin	LOC:1
piccolo	PREFIX:1
piccolo di	PREFIX:1
piccolo di taranto	LOC:1
pice	LOC:1
picentino	LOC:1
pickwick	LOC:1
pico	PREFIX:2
pico cristóbal	PREFIX:1
pico cristóbal colón	LOC:1
pico de	PREFIX:1
pico de orizaba	LOC:1
piediluco	LOC:1
pielinen	LOC:1
pietra	PREFIX:1
pietra rossa	LOC:1
pietrarossa	LOC:1
pikes	LOC:1	PREFIX:1
pikes peak	LOC:1
pilato	LOC:1
pilo	LOC:1
pinalto	LOC:1
pincon	LOC:1
pinei	LOC:1
pinos	LOC:1
pinu	LOC:1
pinè	LOC:1
piné	LOC:1
piorini	LOC:1
pioverna	LOC:1
pipmouacan	LOC:1
pirenei	LOC:1
pitz	LOC:1
piz	PREFIX:1
piz duan	LOC:1
pizzo	PREFIX:2
pizzo di	PREFIX:1
pizzo di coca	LOC:1
pizzo rosso	PREFIX:1
pizzo rosso di	PREFIX:1
pizzo rosso di predoi	LOC:1
pizzocco	LOC:1
pjagina	LOC:1
pjandz	LOC:1
pjasino	LOC:1
pjatkovende	LOC:1
plake	LOC:1
platamona	LOC:1
platano	LOC:1
plima	LOC:1
plutone	LOC:1
plàtani	PREFIX:1
plàtani alico	LOC:1
plàtano	LOC:1
po	LOC:1	PREFIX:1
po di	PREFIX:1
po di volano	LOC:1
podgorica	LOC:1
poggio	PREFIX:1
poggio raone	LOC:1
pogliaschina	LOC:1
poia	LOC:1
polcevera	LOC:1
policastro	LOC:1
pollino	LOC:1
ponoj	LOC:1
pontchartrain	LOC:1
ponte	PREFIX:2
ponte alto	LOC:1
ponte fontanelle	LOC:1
pontonnet	LOC:1
popigaj	LOC:1
popocatepetl	LOC:1
porcupine	LOC:1
pordoi	LOC:1
portnjagino	LOC:1
porttipahdan	LOC:1
posada	LOC:1
poschiavino	LOC:1
potholes	LOC:1
poulaphuca	LOC:1
pozza	PREFIX:1
pozza di	PREFIX:1
pozza di cola	LOC:1
pozzillo	LOC:1
pracupola	LOC:1
praded	LOC:1
prainito	LOC:1
pramadiccio	LOC:1
pramaggiore	LOC:1
prateria	TSL:1
praterie	TSL:1
preikestolen	LOC:1
preola	LOC:1
presanella	LOC:1
prespa	LOC:1
prezza	LOC:1
primiero	LOC:2
priora	LOC:1
prirnrose	LOC:1
prizzi	LOC:1
promissiio	LOC:1
prut	LOC:1
pucciano	LOC:1
puigmal	LOC:1
pumori	LOC:1
puncak	PREFIX:1
puncak jaya	LOC:1
puni	LOC:1
punta	PREFIX:1
punta penìa	LOC:1
pusiano	LOC:1
pusteria	LOC:1
pyhiijiirvi	LOC:1
pòllina	LOC:1
qara	PREFIX:1
qara tarai	LOC:1
qilian	LOC:1
qing	PREFIX:1
qing he	LOC:1
qinghai	LOC:1
qingjiang	LOC:1
quaderna	LOC:1
quattervals	LOC:1
queen	PREFIX:1
queen bess	LOC:1
quesnel	LOC:1
rabbi	LOC:1
rabbies	LOC:1
raccolana	LOC:1
radi	PREFIX:1
radi leoni	LOC:1
raeside	LOC:1
ragola	LOC:1
raine	LOC:1
rainier	LOC:1
rainy	LOC:1
rajale	LOC:1
randaragna	LOC:1
rascino	LOC:1
rasina	LOC:1
rassina	LOC:1
rathlin	LOC:1
rauma	LOC:1
rava	LOC:1
re	PREFIX:1
re di	PREFIX:1
re di castello	LOC:1
red	PREFIX:1
red deer	LOC:1
redagno	LOC:1
redebus	LOC:1
ree	LOC:1
reghena	LOC:1
regnana	LOC:1
reindeer	LOC:1
reinello	LOC:1
reisseck	LOC:1
rendena	LOC:1
rennes	LOC:1
rennie	LOC:1
reno	LOC:1
resco	LOC:1
resegone	LOC:1
resia	LOC:1
reuss	LOC:1
reventino	LOC:1
rheinwaldhorn	LOC:1
rhèmes	LOC:1
riarbero	LOC:1
richat	LOC:1
richiaglio	LOC:1
ricobayo	LOC:1
rienza	LOC:1
rigi	LOC:1
rigolor	LOC:1
riiser	PREFIX:1
riiser larsen	LOC:1
rinasico	LOC:1
ringelspitz	LOC:1
rio	TSL:1
riobianco	LOC:1
riparia	LOC:1
rivo	LOC:1
rjuven	LOC:1
roana	LOC:1
roanoke	LOC:1
robson	LOC:1
rocca	PREFIX:1
rocca busambra	LOC:1
roccella	LOC:1
rocha	PREFIX:1
rocha de	PREFIX:1
rocha de galé	LOC:1
rocigalgo	LOC:1
rockefelier	LOC:1
rockiands	LOC:1
rodano	LOC:1
rodengo	LOC:2
rodopi	LOC:1
roen	LOC:1
rogagua	LOC:1
rogge	PREFIX:1
rogge merette	LOC:1
roggia	PREFIX:2
roggia castellana	LOC:1
roggia santa	PREFIX:1
roggia santa giovanna	LOC:1
roia	LOC:1
roite	LOC:1
roja	LOC:1
rolle	LOC:1
romaine	LOC:1
romang	LOC:1
ronas	LOC:1
ronco	LOC:1
rondane	LOC:1
roosevelt	LOC:1
roraima	LOC:1
rosennock	LOC:1
rossenna	LOC:1
rotaliana	LOC:1
roti	LOC:1
rotspitze	LOC:1
rotzo	LOC:1
roveto	LOC:1
rtanj	LOC:1
ruapehu	LOC:1
rubicante	LOC:1
rubicone	LOC:1
ruby	LOC:1
rukwa	LOC:1
rumija	LOC:1
rungwa	LOC:1
rungwe	LOC:1
ruschia	LOC:1
rutanzige	LOC:1
rutor	LOC:1
ruvuma	LOC:1
rybinsk	LOC:1
rysy	LOC:1
rytterknegten	LOC:1
s'	PREFIX:1
s' adiyah	LOC:1
s.	PREFIX:4
s. croce	LOC:1
s. giustina	LOC:1
s. massenza	LOC:1
s. pellegrino	LOC:1
saale	LOC:1
saca	LOC:1
sacajawea	LOC:1
sacalin	LOC:1
saccarello	LOC:1
sad	PREFIX:1
sad istragh	LOC:1
sadr	PREFIX:1
sadr city	LOC:1
sadro	LOC:1
saent	LOC:1
saguia	PREFIX:1
saguia el	PREFIX:1
saguia el harnra	LOC:1
saiani	LOC:1
saint	PREFIX:3
saint barthèlemy	LOC:1
saint elias	LOC:1
saint marcel	LOC:1
sajama	LOC:1
sakhalin	LOC:1
salarno	LOC:1
salcantay	LOC:1
saldura	LOC:1
salentina	LOC:1
salinella	LOC:1
salinello	LOC:1
salita	TST:1
salluyo	LOC:1
salsola	LOC:1
saltaria	LOC:1
salton	LOC:1
saltusio	LOC:1
salzach	LOC:1
salè	LOC:1
sambro	LOC:1
san	PREFIX:1
san pellegrino	LOC:1
sangan	LOC:1
sangeang	LOC:1
sangihe	LOC:1
sangone	LOC:1
sangro	LOC:1
santa	PREFIX:3
santa croce	LOC:1
santa giustina	LOC:1
santa massenza	LOC:1
santerno	LOC:1
saona	LOC:1
sapanca	LOC:1
saracena	LOC:1
saramati	LOC:1
sarca	LOC:1
sarenga	LOC:1
sargassi	LOC:1
sarmento	LOC:1
sarno	LOC:1
sartlan	LOC:1
sary	PREFIX:1
sary isikotran	LOC:1
sarykopa	LOC:1
sarè	LOC:1
saslaya	LOC:1
sass	PREFIX:2
sass pordoi	LOC:1
sass rigais	LOC:1
sassandra	LOC:1
sassinoro	LOC:1
sasso	PREFIX:3
sasso nero	LOC:1
sasso tetto	LOC:1
sasso vernale	LOC:1
sassolungo	LOC:1
sassu	LOC:1
sasyk	LOC:1
satsuma	LOC:1
saturno	LOC:1
sauris	LOC:1
savana	TSL:1
savane	TSL:1
savannah	LOC:1
savena	LOC:1
savio	LOC:1
saviore	LOC:1
savone	LOC:1
savuto	LOC:1
sawu	LOC:1
sayram	LOC:1
sazanit	LOC:1
scafell	PREFIX:1
scafell pike	LOC:1
scaleres	LOC:1
scaletta	PREFIX:1
scaletta zanciea	LOC:1
scalve	LOC:1
scandarello	LOC:1
scanno	LOC:1
scanzano	LOC:1
scarsito	LOC:1
scarzito	LOC:1
schelda	LOC:1
schiara	LOC:1
schlern	LOC:1
schneeberg	LOC:1
schrankogl	LOC:1
schwarzenstein	LOC:1
sciambro	LOC:1
sciaura	LOC:1
scoltenna	LOC:1
scorzàl	LOC:1
scrivia	LOC:1
scugog	LOC:1
seabrook	LOC:1
sebatik	LOC:1
sebera	LOC:1
sebino	LOC:1
sebuku	LOC:1
secchia	LOC:1
sedornia	LOC:1
segrino	LOC:2
sejaha	LOC:1
selajar	LOC:1
selaru	LOC:1
selatan	LOC:1
selawik	LOC:1
sele	LOC:1
selenga	LOC:1
seletyteniz	LOC:1
sella	LOC:1	PREFIX:3
sella d	PREFIX:1
sella d sharter	LOC:1
sella del	PREFIX:1
sella del bondone	LOC:1
sella di	PREFIX:1
sella di andalo	LOC:1
sellustra	LOC:1
seltalta	LOC:1
selte	LOC:1
seltota	LOC:1
selva	LOC:1
semaglia	PREFIX:1
semaglia della	PREFIX:1
semaglia della battaglia	LOC:1
senales	LOC:1
senatello	LOC:1
sengas	LOC:1
senio	LOC:1
senna	LOC:1
sentino	LOC:1
serais	LOC:1
serasan	LOC:1
serchio	LOC:1
seriana	LOC:1
serico	LOC:1
sermenza	LOC:1
sernio	LOC:1
serpeddi	LOC:1
serra	PREFIX:2
serra del	PREFIX:1
serra del re	LOC:1
serra di	PREFIX:1
serra di corvo	LOC:1
serraia	LOC:2
serrapotamo	LOC:1
servin	LOC:1
seseganaga	LOC:1
sesia	LOC:1
sessera	LOC:1
sestaione	LOC:1
sestian	LOC:1
sevem	LOC:1
sevemaja	LOC:1	PREFIX:1
sevemaja bruingra	LOC:1
severn	LOC:1
sevier	LOC:1
sevola	LOC:1
seward	LOC:1
seyhan	LOC:1
seyle	LOC:1
shah	LOC:1
shaikh	LOC:1
shala	LOC:1
shandong	LOC:1
shashe	LOC:1
shasta	LOC:1
sheelin	LOC:1
shere	LOC:1
shibogama	LOC:1
shilla	LOC:1
shiquanhe	LOC:1
shisha	PREFIX:1
shisha pangma	LOC:1
shuksan	LOC:1
sibari	LOC:1
sibilla	LOC:1
sibuyan	LOC:1
sieve	LOC:1
sikaram	LOC:1
sikhar	LOC:1
silan	LOC:1
silandro	LOC:1
sile	LOC:1
siling	LOC:1
silis	LOC:1
silizza	LOC:1
siljan	LOC:1
silka	LOC:1
silla	LOC:1
sillaro	LOC:1
siloana	LOC:1
simav	LOC:1
simbrivio	LOC:1
simcoe	LOC:1
simeri	LOC:1
simeto	LOC:1
simpson	LOC:1
simusir	LOC:1
sinabung	LOC:1
sinagra	LOC:1
sinai	LOC:1
sinello	LOC:1
singerna	LOC:1
singkep	LOC:1
sinigo	LOC:1
sinjaja	LOC:1
sinni	LOC:1
sintria	LOC:1
siocum	LOC:1
sipiwesk	LOC:1
sirente	LOC:1
sirino	LOC:1
sirri	LOC:1
sirte	LOC:1
siusi	LOC:1
sjurjah	PREFIX:1
sjurjah -	PREFIX:1
sjurjah - dzangy	LOC:1
sjutkja	LOC:1
skalisty	LOC:1
skarstind	LOC:1
skeggoxl	LOC:1
skekken	LOC:1
skrlatica	LOC:1
slieve	PREFIX:2
slieve bloom	LOC:1
slieve league	LOC:1
slizza	LOC:1
smallwood	LOC:1
smeraldo	LOC:1
smidta	LOC:1
smjorfjoll	LOC:1
smokey	LOC:1
smoky	LOC:1
smythe	LOC:1
snake	LOC:1
sneznik	LOC:1
sneznoje	LOC:1
sniezka	LOC:1
snieznik	LOC:1
snohetta	LOC:1
snowbird	LOC:1
snowdon	LOC:1
snrefell	LOC:1
soana	LOC:1
soara	LOC:1
sobrera	LOC:1
socompa	LOC:1
sogiit	LOC:1
sohondo	LOC:1
sokosti	LOC:1
solano	LOC:1
soleo	LOC:1
soligo	LOC:1
solling	LOC:1
solofrone	LOC:1
sombang	LOC:1
sonequera	LOC:1
songhua	LOC:1
sonkel'	LOC:1
sonna	LOC:1
sopranes	LOC:1
sorapiss	LOC:1
sorata	LOC:1
sorgente	TSL:1
sorgue	LOC:1
soriano	PREFIX:1
soriano nel	PREFIX:1
soriano nel cimino	LOC:1
sorni	LOC:1
sosio	LOC:1
sotnikovskoje	LOC:1
soufrière	LOC:1
soutb	PREFIX:1
soutb yollabolly	LOC:1
soutbern	PREFIX:1
soutbern indian	LOC:1
sovara	LOC:1
sovenigo	LOC:1
sovetsk	LOC:1
sperlinga	LOC:1
spiagge	TSL:1
spiaggia	TSL:1
spigno	LOC:1
spol	LOC:1
sprea	LOC:1
spöl	LOC:1
srednego	LOC:1
stadjan	LOC:1
staffora	LOC:1
staggia	LOC:1
stagni	TSL:1
stagno	TSL:1
stalistaja	LOC:1
stanley	LOC:1
stanovoj	LOC:1
stavropol	LOC:1
stelvio	LOC:2
steppa	TSL:1
steppe	TSL:1
sternai	LOC:1
stewart	LOC:1
stien	LOC:1
stilaro	LOC:1	PREFIX:1
stilaro allaro	LOC:1
stockton	LOC:1
stor	LOC:1
storavan	LOC:1
storkerson	LOC:1
strada	TST:1
stramentizzo	LOC:1
strangford	LOC:1
strawberry	LOC:1
stretto	PREFIX:3
stretto di	PREFIX:3
stretto di gibilterra	LOC:1
stretto di magellano	LOC:1
stretto di messina	LOC:1
strona	LOC:1
strone	LOC:1
stura	LOC:1	PREFIX:6
stura di	PREFIX:6
stura di ala	LOC:1
stura di demonte	LOC:1
stura di lanzo	LOC:1
stura di ovada	LOC:1
stura di valgrande	LOC:1
stura di viù	LOC:1
stàffora	LOC:1
subasio	LOC:1
subi	LOC:1
sud	TEL:1
sudeti	LOC:1
sulu	LOC:1
suretta	LOC:1
surud	PREFIX:1
surud ad	LOC:1
susa	LOC:1
suva	LOC:1
suwayqiyah	LOC:1
svartisen	LOC:1
svidnik	LOC:1
svjatoj	LOC:1
swiçtokrzyskie	LOC:1
syam	LOC:1
sylama	LOC:1
syrdarja	LOC:1
syuge	PREFIX:1
syuge -	PREFIX:1
syuge - haja	LOC:1
syverrna	LOC:1
sàkevare	LOC:1
tabelbala	LOC:1
taberg	LOC:1
tabka	LOC:1
table	PREFIX:1
table mountain	LOC:1
tabumo	LOC:1
tacina	LOC:1
tacora	LOC:1
tacul	LOC:1
tademail	LOC:1
tadoule	LOC:1
tafassassett	LOC:1
tagant	LOC:1
taggia	LOC:1
tagish	LOC:1
tagliamento	LOC:1
tago	LOC:1
tagula	LOC:1
tahiryuak	LOC:1
tahoe	LOC:1
tai	PREFIX:1
tai shan	LOC:1
taisetsu	LOC:1
taishan	LOC:1
taitao	LOC:1
tajgonos	LOC:1
tajmyr	LOC:1
takijuq	LOC:1
takket	LOC:1
taklimakan	LOC:1
talakmau	LOC:1
taliabu	LOC:1
tallacano	LOC:1
taloro	LOC:1
talvera	LOC:1
tamanrasset	LOC:1
tamar	LOC:1
tamaulipas	LOC:1
tambora	LOC:1
tamigi	LOC:1
tammarecchia	LOC:1
tammaricchio	LOC:1
tammaro	LOC:1
tanagro	LOC:1
tanahbala	LOC:1
tanahjampea	LOC:1
tanahmasa	LOC:1
tanaro	LOC:1
tanggula	LOC:1
tangra	PREFIX:1
tangra yum	LOC:1
taquari	LOC:1
taranaki	LOC:1
tarauaca	LOC:1
tarcenò	LOC:1
tarim	LOC:1
taro	LOC:1
tarodine	LOC:1
tarugo	LOC:1
tashk	LOC:1
tasmania	LOC:1
tassialouc	LOC:1
tathlina	LOC:1
tatra	LOC:1
taunus	LOC:1
taupo	LOC:1
tavda	LOC:1
taverone	LOC:1
tavo	LOC:1
tavollo	LOC:1
taz	LOC:1
tchigai	LOC:1
te	PREFIX:1
te anau	LOC:1
tebulos	LOC:1
tefé	LOC:1
teiga	LOC:1
teiro	LOC:1
telese	LOC:1
telfane	LOC:1
tella	LOC:1
tellaro	LOC:1
tellesimo	LOC:1
tembenci	LOC:1
tembo	LOC:1
tengiz	LOC:1
tennacola	LOC:1
tentolomatinen	LOC:1
terdoppio	LOC:1
terek	LOC:1
terentang	LOC:1
terento	LOC:1
tergola	LOC:1
teriberka	LOC:1
terlago	LOC:1
termeno	LOC:1
termini	PREFIX:1
termini imerese	LOC:1
terminio	LOC:1
terpukoj	LOC:1
terramaistus	LOC:1
tersakan	LOC:1
tersiva	LOC:1
tescio	LOC:1
teshekpuk	LOC:1
teslin	LOC:1
testene	LOC:1
teton	LOC:1
tevere	LOC:1
teverone	LOC:1
tharthiir	LOC:1
thessalonfki	LOC:1
thingvalla	LOC:1
thouet	LOC:1
tibisco	LOC:1
ticino	LOC:1
tidone	LOC:1
timavo	LOC:1
timia	LOC:1
timor	LOC:1
timpanogos	LOC:1
tinguiririca	LOC:1
tinne	LOC:1
tipton	LOC:1
tiria	LOC:1
tirich	PREFIX:1
tirich mir	LOC:1
tirreno	LOC:1	PREFIX:1
tirreno meridionale	LOC:1
tirso	LOC:1
tissino	LOC:1
titano	LOC:1
titerno	LOC:1
titicaca	LOC:1
titlis	LOC:1
titograd	LOC:1
tjàhujdas	LOC:1
tkac	LOC:1
toaca	LOC:1
toba	LOC:1
tobbio	LOC:1
toblino	LOC:1
tobol	LOC:1
tocantins	LOC:1
toce	LOC:1
todi	LOC:1
toledo	PREFIX:1
toledo bend	LOC:1
tolima	LOC:1
tolina	LOC:1
tolomei	LOC:1
toloro	LOC:1
tomaros	LOC:1
tonale	LOC:1
tonle	PREFIX:1
tonle sap	LOC:1
topko	LOC:1
torano	LOC:1
torbert	LOC:1
torcicoda	LOC:1
tordino	LOC:1
tormo	LOC:1
torre	PREFIX:2
torre del	PREFIX:1
torre del diavolo	LOC:1
torre di	PREFIX:1
torre di brenta	LOC:1
torrente	TSL:1
torrenti	TSL:1
torrepuni	LOC:1
torri	PREFIX:2
torri del	PREFIX:1
torri del vajolet	LOC:1
torri di	PREFIX:1
torri di sella	LOC:1
torrone	PREFIX:1
torrone alto	LOC:1
torsa	LOC:1
torza	LOC:1
tosa	LOC:1
toscolano	LOC:1
toson	LOC:1
tour	PREFIX:1
tour noir	PREFIX:1
tour noir -	PREFIX:1
tour noir - argentiere	LOC:1
tousside	LOC:1
toussoro	LOC:1
tovel	LOC:1
towerhill	LOC:1
townshend	LOC:1
towuti	LOC:1
trafoi	LOC:1
tramazzo	LOC:1
tramontina	LOC:1
trangan	LOC:1
transtrands	LOC:1
trasimeno	LOC:1
traun	LOC:1
travignolo	LOC:1
tre	PREFIX:2
tre arie	LOC:1
tre cime	PREFIX:1
tre cime di	PREFIX:1
tre cime di lavaredo	LOC:1
trebbia	LOC:1
tremalzo	LOC:1
trenico	LOC:1
tresa	LOC:1
tresenica	LOC:1
treste	LOC:1
trichonida	LOC:1
tricorno	LOC:1
triglav	LOC:1
trigno	LOC:1
trikhonis	LOC:1
trikora	LOC:1
trinidad	LOC:1
trionto	LOC:1
trioto	LOC:1
troglav	LOC:1
trollhetta	LOC:1
trolltindane	LOC:1
trompia	LOC:1
tromsdalstinden	LOC:1
tronto	LOC:1
trout	LOC:1
troìna	LOC:1
tsaidam	LOC:1
tsiafagavona	LOC:1
tsiazonano	LOC:1
tsitondroina	LOC:1
tsjokkarassa	LOC:1
tulasi	LOC:1
tulay	PREFIX:1
tulay -	PREFIX:1
tulay - kirjaka	PREFIX:1
tulay - kirjaka -	PREFIX:1
tulay - kirjaka - tas	LOC:1
tulos	LOC:1
tumba	LOC:1
tunari	LOC:1
tunguska	LOC:1
tura	LOC:1
turano	LOC:1
turgaj	LOC:1
turkana	LOC:1
turrali	LOC:1
turrite	PREFIX:2
turrite cava	LOC:1
turrite secca	LOC:1
turusele	LOC:1
tusa	LOC:1
tusciano	LOC:1
tutoncana	LOC:1
tuz	LOC:1
twelve	PREFIX:1
twelve bens	LOC:1
tyree	LOC:1
tàcina	LOC:1
tèmete	LOC:1
tèrgola	LOC:1
ténibres	LOC:1
tödi	LOC:1
uaupés	LOC:1
uberaba	LOC:1
ubinskoje	LOC:1
ucami	LOC:1
uffente	LOC:1
ufita	LOC:1
uia	PREFIX:1
uia di	PREFIX:1
uia di ciamarella	LOC:1
uifiaimarca	LOC:1
ulbeja	LOC:1
uldza	LOC:1
uleh	PREFIX:1
uleh zar	LOC:1
urali	LOC:1
urano	LOC:1
urup	LOC:1
usbome	LOC:1
ust'	PREFIX:1
ust' -	PREFIX:1
ust' - llimsk	LOC:1
ustjurt	LOC:1
usurana	LOC:1
v.	TST:1
v.le	TST:1
v.lo	TST:1
v/le	TST:1
v/lo	TST:1
vael	LOC:1
vaidecafias	LOC:1
vajgac	LOC:1
vajo	PREFIX:1
vajo di	PREFIX:1
vajo di squaranto	LOC:1
vajont	LOC:1
val	TSL:1
valaam	LOC:1
valassina	LOC:1
valbona	LOC:1
valcalda	LOC:1
valcamonica	LOC:1
valcellina	LOC:1
valceresio	LOC:1
valchiusella	LOC:1
valdarno	LOC:1
valdelsa	LOC:1
valdera	LOC:1
valdinievole	LOC:1
valdisangre	LOC:1
valdurna	LOC:1
valdés	LOC:1
vallarsa	LOC:1
valle	TSL:1	PREFIX:1
valle grande	LOC:1
vallearia	LOC:1
vallelunga	LOC:1
valles	LOC:1
valli	TSL:1
vallicola	LOC:1
vallio	LOC:1
vallolina	LOC:1
vallorsera	LOC:1
valmaggiore	LOC:1
valmar	LOC:1
valmarecchia	LOC:1
valmattio	LOC:1
valnerina	LOC:1
valparola	LOC:1
valsassina	LOC:1
valsesia	LOC:1
valsorda	LOC:1
valsura	LOC:1
valtiberina	LOC:1
valtina	LOC:1
valvestino	LOC:1
valzanca	LOC:1
van	PREFIX:1
van blommestein	LOC:1
vanak	LOC:1
vandra	LOC:1
vanoi	LOC:2
varaita	LOC:1
vardar	LOC:1
varenna	LOC:1
varmo	LOC:1
varone	LOC:1
varro	LOC:1
varrone	LOC:1
vaschi	LOC:1
vedeggio	LOC:1
vegoritis	LOC:1
vegorritis	LOC:1
veijo	LOC:1
velino	LOC:1
velký	PREFIX:1
velký lopeník	LOC:1
vella	LOC:1
vemà	LOC:1
venere	LOC:1
veniarninof	LOC:1
venna	LOC:1
venola	LOC:1
venosta	LOC:1
ventasso	LOC:1
ventoux	LOC:1
verbano	LOC:1
verdes	LOC:1
vergatello	LOC:1
vergina	LOC:1
verhnetulomski	LOC:1
vermenagna	LOC:1
vermion	LOC:1
versino	PREFIX:1
versino -	PREFIX:1
versino - darasunski	LOC:1
vertola	LOC:1
vertova	LOC:1
verzarulo	LOC:1
veseloje	LOC:1
vesuvio	LOC:1
vetoio	LOC:1
vette	PREFIX:1
vette feltrine	LOC:1
vezza	LOC:1
vezzana	LOC:1
vezzena	LOC:1
vezzola	LOC:1
via	TST:1
vial	TST:1
viale	TST:1
vicolo	TST:1
vienne	LOC:1
vigezzo	LOC:1
vigi	LOC:1
vigolana	LOC:2
vila	LOC:1
viljuj	LOC:1
vioz	LOC:1
vipacco	LOC:1
vistola	LOC:1
vitim	LOC:1
vitoschio	LOC:1
vitravo	LOC:1
vivaro	LOC:1
viverone	LOC:1
vle	TST:1
vlìideasa	LOC:1
vodl	LOC:1
vogna	LOC:1
volgograd	LOC:1
volna	LOC:1
volturino	LOC:1
volturno	LOC:1
volvi	LOC:1
vomano	LOC:1
vorjing	LOC:1
vorts	LOC:1
vosgi	LOC:1
vulcano	PREFIX:1
vulcano newberry	LOC:1
vulsinio	LOC:1
waddington	LOC:1
wanaka	LOC:1
wangiwangi	LOC:1
wanor	LOC:1
warta	LOC:1
weddell	LOC:1
weisshorn	LOC:1
wellington	LOC:1
weser	LOC:1
wetar	LOC:1
wetterhorn	LOC:1
wetzstein	LOC:1
wheeler	PREFIX:1
wheeler peak	LOC:1
whitney	LOC:1
windermere	LOC:1
wipptal	LOC:1
wislana	LOC:1
wokam	LOC:1
wollaston	LOC:1
wowoni	LOC:1
wrightson	LOC:1
wye	LOC:1
würm	LOC:1
xinfenjiang	LOC:1
xueshan	LOC:1
yalpukh	LOC:1
yambi	LOC:1
yamdena	LOC:1
yamzbo	LOC:1
yapen	LOC:1
yaraligoz	LOC:1
yarkant	PREFIX:1
yarkant he	LOC:1
yata	LOC:1
yathkyed	LOC:1
yding	PREFIX:1
yding skovhoj	LOC:1
yellowstone	LOC:1
yenice	LOC:1
yernatan	LOC:1
yerupaja	LOC:1
yesa	LOC:1
yibug	LOC:1
yuan	PREFIX:1
yuan jiang	LOC:1
yukon	LOC:1
zappulla	LOC:1
zellina	LOC:1
zemola	LOC:1
zena	LOC:1
zerzer	LOC:1
zhari	PREFIX:1
zhari nam	LOC:1
zhaxi	LOC:1
zimmara	LOC:1
zirreh	LOC:1
zittola	LOC:1
zlatarsko	LOC:1
zona	TSE:1
zone	TSL:1
zubets	LOC:1
zugspitze	LOC:1
zuider	PREFIX:1
zuider zee	LOC:1
zumello	LOC:1
zvoron	LOC:1
Òtscher	LOC:1
àreskutan	LOC:1
àsnen	LOC:1
àveto	LOC:1
